po_id,sku_id,order_date,receipt_date,lead_time_days,quantity
PO_P0001_0000,P0001,2025-10-21 01:26:11.113992,2025-11-02 01:26:11.113992,12,100
PO_P0001_0001,P0001,2025-11-21 01:26:11.116008,2025-12-06 01:26:11.116008,15,100
PO_P0001_0002,P0001,2025-07-27 01:26:11.116008,2025-08-06 01:26:11.116008,10,100
PO_P0001_0003,P0001,2025-07-01 01:26:11.116008,2025-07-21 01:26:11.116008,20,100
PO_P0001_0004,P0001,2025-03-07 01:26:11.117007,2025-03-14 01:26:11.117007,7,100
PO_P0001_0005,P0001,2025-02-06 01:26:11.117007,2025-02-18 01:26:11.117007,12,100
PO_P0001_0006,P0001,2025-09-02 01:26:11.117007,2025-09-14 01:26:11.117007,12,100
PO_P0001_0007,P0001,2025-02-22 01:26:11.117007,2025-03-08 01:26:11.117007,14,100
PO_P0001_0008,P0001,2025-04-13 01:26:11.117007,2025-05-01 01:26:11.117007,18,100
PO_P0001_0009,P0001,2025-05-24 01:26:11.117007,2025-06-11 01:26:11.117007,18,100
PO_P0001_0010,P0001,2025-06-10 01:26:11.117007,2025-06-24 01:26:11.117007,14,100
PO_P0001_0011,P0001,2025-08-15 01:26:11.117007,2025-08-27 01:26:11.117007,12,100
PO_P0001_0012,P0001,2025-07-28 01:26:11.117007,2025-08-08 01:26:11.117007,11,100
PO_P0001_0013,P0001,2025-08-10 01:26:11.117007,2025-08-17 01:26:11.117007,7,100
PO_P0001_0014,P0001,2025-12-12 01:26:11.117007,2025-12-26 01:26:11.117007,14,100
PO_P0001_0015,P0001,2025-09-23 01:26:11.117007,2025-10-06 01:26:11.117007,13,100
PO_P0001_0016,P0001,2025-03-31 01:26:11.117007,2025-04-12 01:26:11.117007,12,100
PO_P0001_0017,P0001,2025-05-03 01:26:11.117007,2025-05-22 01:26:11.117007,19,100
PO_P0001_0018,P0001,2025-11-04 01:26:11.117007,2025-11-16 01:26:11.117007,12,100
PO_P0001_0019,P0001,2025-02-26 01:26:11.117007,2025-03-11 01:26:11.117007,13,100
PO_P0002_0000,P0002,2025-11-01 01:26:11.117007,2025-11-11 01:26:11.117007,10,100
PO_P0002_0001,P0002,2025-05-13 01:26:11.117007,2025-05-26 01:26:11.117007,13,100
PO_P0002_0002,P0002,2025-12-28 01:26:11.117007,2026-01-10 01:26:11.117007,13,100
PO_P0002_0003,P0002,2025-02-06 01:26:11.117007,2025-02-21 01:26:11.117007,15,100
PO_P0002_0004,P0002,2026-01-30 01:26:11.117007,2026-02-08 01:26:11.117007,9,100
PO_P0002_0005,P0002,2025-05-17 01:26:11.117007,2025-05-29 01:26:11.117007,12,100
PO_P0002_0006,P0002,2025-03-28 01:26:11.117007,2025-04-04 01:26:11.117007,7,100
PO_P0002_0007,P0002,2025-05-07 01:26:11.117007,2025-05-17 01:26:11.117007,10,100
PO_P0002_0008,P0002,2025-02-15 01:26:11.117007,2025-02-25 01:26:11.117007,10,100
PO_P0002_0009,P0002,2025-02-28 01:26:11.117007,2025-03-09 01:26:11.117007,9,100
PO_P0002_0010,P0002,2025-12-10 01:26:11.117007,2025-12-25 01:26:11.117007,15,100
PO_P0002_0011,P0002,2025-07-28 01:26:11.117007,2025-08-11 01:26:11.117007,14,100
PO_P0002_0012,P0002,2025-12-22 01:26:11.117007,2026-01-02 01:26:11.117007,11,100
PO_P0002_0013,P0002,2025-02-21 01:26:11.117007,2025-03-05 01:26:11.117007,12,100
PO_P0002_0014,P0002,2025-03-11 01:26:11.117007,2025-03-19 01:26:11.117007,8,100
PO_P0002_0015,P0002,2025-09-18 01:26:11.118008,2025-09-27 01:26:11.118008,9,100
PO_P0002_0016,P0002,2025-11-30 01:26:11.118008,2025-12-15 01:26:11.118008,15,100
PO_P0002_0017,P0002,2025-08-22 01:26:11.118008,2025-09-07 01:26:11.118008,16,100
PO_P0002_0018,P0002,2025-04-18 01:26:11.118008,2025-05-04 01:26:11.118008,16,100
PO_P0002_0019,P0002,2025-12-22 01:26:11.118008,2026-01-05 01:26:11.118008,14,100
PO_P0003_0000,P0003,2026-01-04 01:26:11.118008,2026-01-18 01:26:11.118008,14,100
PO_P0003_0001,P0003,2025-12-30 01:26:11.118008,2026-01-15 01:26:11.118008,16,100
PO_P0003_0002,P0003,2025-12-15 01:26:11.118008,2026-01-02 01:26:11.118008,18,100
PO_P0003_0003,P0003,2025-04-14 01:26:11.118008,2025-04-24 01:26:11.118008,10,100
PO_P0003_0004,P0003,2025-10-25 01:26:11.118008,2025-11-03 01:26:11.118008,9,100
PO_P0003_0005,P0003,2025-12-28 01:26:11.118008,2026-01-12 01:26:11.118008,15,100
PO_P0003_0006,P0003,2025-06-19 01:26:11.118008,2025-07-04 01:26:11.118008,15,100
PO_P0003_0007,P0003,2025-05-20 01:26:11.118008,2025-06-01 01:26:11.118008,12,100
PO_P0003_0008,P0003,2026-01-27 01:26:11.118008,2026-02-14 01:26:11.118008,18,100
PO_P0003_0009,P0003,2025-02-07 01:26:11.118008,2025-02-22 01:26:11.118008,15,100
PO_P0003_0010,P0003,2025-04-24 01:26:11.118008,2025-04-30 01:26:11.118008,6,100
PO_P0003_0011,P0003,2025-12-21 01:26:11.118008,2026-01-06 01:26:11.118008,16,100
PO_P0003_0012,P0003,2025-08-06 01:26:11.118008,2025-08-20 01:26:11.118008,14,100
PO_P0003_0013,P0003,2025-12-11 01:26:11.118008,2025-12-24 01:26:11.118008,13,100
PO_P0003_0014,P0003,2025-10-28 01:26:11.118008,2025-11-08 01:26:11.118008,11,100
PO_P0003_0015,P0003,2025-06-15 01:26:11.118008,2025-06-30 01:26:11.118008,15,100
PO_P0003_0016,P0003,2025-06-09 01:26:11.118008,2025-06-18 01:26:11.118008,9,100
PO_P0003_0017,P0003,2026-01-19 01:26:11.118008,2026-02-02 01:26:11.118008,14,100
PO_P0003_0018,P0003,2025-08-25 01:26:11.118008,2025-09-12 01:26:11.118008,18,100
PO_P0003_0019,P0003,2025-04-23 01:26:11.118008,2025-05-09 01:26:11.118008,16,100
PO_P0004_0000,P0004,2025-11-27 01:26:11.118008,2025-12-06 01:26:11.118008,9,100
PO_P0004_0001,P0004,2025-09-20 01:26:11.118008,2025-10-06 01:26:11.118008,16,100
PO_P0004_0002,P0004,2025-04-23 01:26:11.118008,2025-05-05 01:26:11.118008,12,100
PO_P0004_0003,P0004,2025-04-21 01:26:11.118008,2025-05-06 01:26:11.118008,15,100
PO_P0004_0004,P0004,2025-03-07 01:26:11.118008,2025-03-18 01:26:11.118008,11,100
PO_P0004_0005,P0004,2025-06-15 01:26:11.118008,2025-06-27 01:26:11.118008,12,100
PO_P0004_0006,P0004,2025-07-26 01:26:11.118008,2025-08-08 01:26:11.118008,13,100
PO_P0004_0007,P0004,2025-10-03 01:26:11.118008,2025-10-15 01:26:11.118008,12,100
PO_P0004_0008,P0004,2025-10-08 01:26:11.118008,2025-10-17 01:26:11.118008,9,100
PO_P0004_0009,P0004,2025-07-18 01:26:11.118008,2025-07-28 01:26:11.118008,10,100
PO_P0004_0010,P0004,2025-09-17 01:26:11.118008,2025-10-06 01:26:11.118008,19,100
PO_P0004_0011,P0004,2025-06-12 01:26:11.118008,2025-06-25 01:26:11.118008,13,100
PO_P0004_0012,P0004,2025-08-13 01:26:11.118008,2025-08-25 01:26:11.118008,12,100
PO_P0004_0013,P0004,2025-08-25 01:26:11.118008,2025-09-06 01:26:11.118008,12,100
PO_P0004_0014,P0004,2025-10-28 01:26:11.118008,2025-11-04 01:26:11.118008,7,100
PO_P0004_0015,P0004,2025-03-20 01:26:11.118008,2025-04-06 01:26:11.118008,17,100
PO_P0004_0016,P0004,2025-12-11 01:26:11.118008,2025-12-27 01:26:11.118008,16,100
PO_P0004_0017,P0004,2025-10-11 01:26:11.118008,2025-10-21 01:26:11.118008,10,100
PO_P0004_0018,P0004,2025-10-23 01:26:11.118008,2025-11-06 01:26:11.118008,14,100
PO_P0004_0019,P0004,2025-12-09 01:26:11.118008,2025-12-30 01:26:11.118008,21,100
PO_P0005_0000,P0005,2025-02-23 01:26:11.118008,2025-03-10 01:26:11.118008,15,100
PO_P0005_0001,P0005,2025-09-28 01:26:11.118008,2025-10-11 01:26:11.118008,13,100
PO_P0005_0002,P0005,2025-09-24 01:26:11.118008,2025-09-30 01:26:11.118008,6,100
PO_P0005_0003,P0005,2025-07-18 01:26:11.118008,2025-08-05 01:26:11.118008,18,100
PO_P0005_0004,P0005,2025-05-30 01:26:11.118008,2025-06-16 01:26:11.118008,17,100
PO_P0005_0005,P0005,2025-10-01 01:26:11.118008,2025-10-17 01:26:11.118008,16,100
PO_P0005_0006,P0005,2025-05-22 01:26:11.118008,2025-06-04 01:26:11.118008,13,100
PO_P0005_0007,P0005,2025-10-26 01:26:11.118008,2025-11-13 01:26:11.118008,18,100
PO_P0005_0008,P0005,2025-07-18 01:26:11.119008,2025-08-04 01:26:11.119008,17,100
PO_P0005_0009,P0005,2025-09-10 01:26:11.119008,2025-09-22 01:26:11.119008,12,100
PO_P0005_0010,P0005,2025-10-27 01:26:11.119008,2025-11-10 01:26:11.119008,14,100
PO_P0005_0011,P0005,2025-02-17 01:26:11.119008,2025-02-27 01:26:11.119008,10,100
PO_P0005_0012,P0005,2025-05-18 01:26:11.119008,2025-06-06 01:26:11.119008,19,100
PO_P0005_0013,P0005,2025-02-20 01:26:11.119008,2025-03-08 01:26:11.119008,16,100
PO_P0005_0014,P0005,2025-09-07 01:26:11.119008,2025-09-18 01:26:11.119008,11,100
PO_P0005_0015,P0005,2025-09-26 01:26:11.119008,2025-10-09 01:26:11.119008,13,100
PO_P0005_0016,P0005,2025-12-24 01:26:11.119008,2026-01-04 01:26:11.119008,11,100
PO_P0005_0017,P0005,2025-09-03 01:26:11.119008,2025-09-16 01:26:11.119008,13,100
PO_P0005_0018,P0005,2025-04-09 01:26:11.119008,2025-04-25 01:26:11.119008,16,100
PO_P0005_0019,P0005,2025-02-20 01:26:11.119008,2025-03-02 01:26:11.119008,10,100
PO_P0006_0000,P0006,2025-10-12 01:26:11.119008,2025-10-30 01:26:11.119008,18,100
PO_P0006_0001,P0006,2026-01-30 01:26:11.119008,2026-02-20 01:26:11.119008,21,100
PO_P0006_0002,P0006,2025-04-03 01:26:11.119008,2025-04-17 01:26:11.119008,14,100
PO_P0006_0003,P0006,2025-08-25 01:26:11.119008,2025-09-09 01:26:11.119008,15,100
PO_P0006_0004,P0006,2026-01-23 01:26:11.119008,2026-02-08 01:26:11.119008,16,100
PO_P0006_0005,P0006,2025-07-08 01:26:11.119008,2025-07-18 01:26:11.119008,10,100
PO_P0006_0006,P0006,2025-09-23 01:26:11.119008,2025-10-06 01:26:11.119008,13,100
PO_P0006_0007,P0006,2025-08-24 01:26:11.119008,2025-09-10 01:26:11.119008,17,100
PO_P0006_0008,P0006,2025-10-08 01:26:11.119008,2025-10-22 01:26:11.119008,14,100
PO_P0006_0009,P0006,2025-06-19 01:26:11.119008,2025-07-05 01:26:11.119008,16,100
PO_P0006_0010,P0006,2025-10-12 01:26:11.119008,2025-10-26 01:26:11.119008,14,100
PO_P0006_0011,P0006,2025-02-17 01:26:11.119008,2025-02-28 01:26:11.119008,11,100
PO_P0006_0012,P0006,2025-02-28 01:26:11.119008,2025-03-05 01:26:11.119008,5,100
PO_P0006_0013,P0006,2025-08-16 01:26:11.119008,2025-08-27 01:26:11.119008,11,100
PO_P0006_0014,P0006,2025-08-24 01:26:11.119008,2025-09-06 01:26:11.119008,13,100
PO_P0006_0015,P0006,2025-04-03 01:26:11.119008,2025-04-15 01:26:11.119008,12,100
PO_P0006_0016,P0006,2025-09-19 01:26:11.119008,2025-09-30 01:26:11.119008,11,100
PO_P0006_0017,P0006,2025-08-09 01:26:11.119008,2025-08-26 01:26:11.119008,17,100
PO_P0006_0018,P0006,2026-01-10 01:26:11.119008,2026-01-26 01:26:11.119008,16,100
PO_P0006_0019,P0006,2025-04-24 01:26:11.119008,2025-05-07 01:26:11.119008,13,100
PO_P0007_0000,P0007,2026-01-05 01:26:11.119008,2026-01-19 01:26:11.119008,14,100
PO_P0007_0001,P0007,2025-04-23 01:26:11.119008,2025-05-11 01:26:11.119008,18,100
PO_P0007_0002,P0007,2025-03-21 01:26:11.119008,2025-04-12 01:26:11.119008,22,100
PO_P0007_0003,P0007,2025-07-24 01:26:11.119008,2025-08-06 01:26:11.119008,13,100
PO_P0007_0004,P0007,2025-12-14 01:26:11.119008,2025-12-22 01:26:11.119008,8,100
PO_P0007_0005,P0007,2026-01-26 01:26:11.119008,2026-02-08 01:26:11.119008,13,100
PO_P0007_0006,P0007,2025-10-25 01:26:11.119008,2025-11-09 01:26:11.119008,15,100
PO_P0007_0007,P0007,2025-10-29 01:26:11.119008,2025-11-06 01:26:11.119008,8,100
PO_P0007_0008,P0007,2025-10-25 01:26:11.119008,2025-11-05 01:26:11.119008,11,100
PO_P0007_0009,P0007,2025-08-24 01:26:11.119008,2025-09-05 01:26:11.119008,12,100
PO_P0007_0010,P0007,2025-05-21 01:26:11.119008,2025-05-28 01:26:11.119008,7,100
PO_P0007_0011,P0007,2025-06-23 01:26:11.119008,2025-07-06 01:26:11.119008,13,100
PO_P0007_0012,P0007,2025-12-09 01:26:11.119008,2025-12-24 01:26:11.119008,15,100
PO_P0007_0013,P0007,2025-04-27 01:26:11.119008,2025-05-16 01:26:11.119008,19,100
PO_P0007_0014,P0007,2025-10-10 01:26:11.119008,2025-10-24 01:26:11.119008,14,100
PO_P0007_0015,P0007,2025-05-04 01:26:11.119008,2025-05-14 01:26:11.119008,10,100
PO_P0007_0016,P0007,2025-10-20 01:26:11.119008,2025-11-06 01:26:11.119008,17,100
PO_P0007_0017,P0007,2025-08-09 01:26:11.119008,2025-08-26 01:26:11.119008,17,100
PO_P0007_0018,P0007,2025-12-24 01:26:11.119008,2026-01-09 01:26:11.119008,16,100
PO_P0007_0019,P0007,2025-02-11 01:26:11.119008,2025-02-23 01:26:11.119008,12,100
PO_P0008_0000,P0008,2025-04-01 01:26:11.119008,2025-04-16 01:26:11.119008,15,100
PO_P0008_0001,P0008,2025-08-12 01:26:11.119008,2025-09-06 01:26:11.119008,25,100
PO_P0008_0002,P0008,2026-01-12 01:26:11.119008,2026-01-29 01:26:11.119008,17,100
PO_P0008_0003,P0008,2025-09-12 01:26:11.119008,2025-09-28 01:26:11.119008,16,100
PO_P0008_0004,P0008,2025-09-11 01:26:11.119008,2025-09-22 01:26:11.119008,11,100
PO_P0008_0005,P0008,2025-07-01 01:26:11.119008,2025-07-14 01:26:11.119008,13,100
PO_P0008_0006,P0008,2025-02-24 01:26:11.119008,2025-03-07 01:26:11.119008,11,100
PO_P0008_0007,P0008,2025-07-26 01:26:11.119008,2025-08-07 01:26:11.119008,12,100
PO_P0008_0008,P0008,2025-09-29 01:26:11.119008,2025-10-13 01:26:11.119008,14,100
PO_P0008_0009,P0008,2025-04-02 01:26:11.119008,2025-04-16 01:26:11.119008,14,100
PO_P0008_0010,P0008,2025-08-05 01:26:11.119008,2025-08-13 01:26:11.119008,8,100
PO_P0008_0011,P0008,2025-05-13 01:26:11.119008,2025-05-28 01:26:11.119008,15,100
PO_P0008_0012,P0008,2025-12-10 01:26:11.119008,2025-12-27 01:26:11.119008,17,100
PO_P0008_0013,P0008,2025-02-16 01:26:11.119008,2025-03-01 01:26:11.119008,13,100
PO_P0008_0014,P0008,2025-12-16 01:26:11.119008,2025-12-27 01:26:11.119008,11,100
PO_P0008_0015,P0008,2025-09-10 01:26:11.119008,2025-09-25 01:26:11.119008,15,100
PO_P0008_0016,P0008,2025-05-08 01:26:11.119008,2025-05-21 01:26:11.119008,13,100
PO_P0008_0017,P0008,2025-05-02 01:26:11.119008,2025-05-14 01:26:11.119008,12,100
PO_P0008_0018,P0008,2025-11-01 01:26:11.119008,2025-11-12 01:26:11.119008,11,100
PO_P0008_0019,P0008,2025-10-07 01:26:11.119008,2025-10-23 01:26:11.119008,16,100
PO_P0009_0000,P0009,2025-03-20 01:26:11.119008,2025-04-04 01:26:11.119008,15,100
PO_P0009_0001,P0009,2025-09-25 01:26:11.119008,2025-10-11 01:26:11.119008,16,100
PO_P0009_0002,P0009,2025-12-05 01:26:11.119008,2025-12-18 01:26:11.119008,13,100
PO_P0009_0003,P0009,2025-10-28 01:26:11.119008,2025-11-13 01:26:11.119008,16,100
PO_P0009_0004,P0009,2025-09-28 01:26:11.119008,2025-10-12 01:26:11.119008,14,100
PO_P0009_0005,P0009,2025-07-27 01:26:11.119008,2025-08-11 01:26:11.119008,15,100
PO_P0009_0006,P0009,2025-07-24 01:26:11.119008,2025-08-13 01:26:11.119008,20,100
PO_P0009_0007,P0009,2025-05-30 01:26:11.119008,2025-06-16 01:26:11.119008,17,100
PO_P0009_0008,P0009,2025-11-17 01:26:11.119008,2025-11-27 01:26:11.119008,10,100
PO_P0009_0009,P0009,2025-11-07 01:26:11.119008,2025-11-21 01:26:11.119008,14,100
PO_P0009_0010,P0009,2025-07-31 01:26:11.119008,2025-08-11 01:26:11.119008,11,100
PO_P0009_0011,P0009,2025-12-16 01:26:11.119008,2025-12-29 01:26:11.119008,13,100
PO_P0009_0012,P0009,2025-10-30 01:26:11.119008,2025-11-14 01:26:11.119008,15,100
PO_P0009_0013,P0009,2025-07-12 01:26:11.119008,2025-07-28 01:26:11.119008,16,100
PO_P0009_0014,P0009,2025-06-28 01:26:11.119008,2025-07-14 01:26:11.119008,16,100
PO_P0009_0015,P0009,2025-10-24 01:26:11.119008,2025-11-08 01:26:11.119008,15,100
PO_P0009_0016,P0009,2025-04-18 01:26:11.119008,2025-05-08 01:26:11.119008,20,100
PO_P0009_0017,P0009,2025-05-27 01:26:11.119008,2025-06-08 01:26:11.119008,12,100
PO_P0009_0018,P0009,2026-01-22 01:26:11.119008,2026-02-05 01:26:11.119008,14,100
PO_P0009_0019,P0009,2025-03-13 01:26:11.120007,2025-03-29 01:26:11.120007,16,100
PO_P0010_0000,P0010,2026-01-28 01:26:11.120007,2026-02-12 01:26:11.120007,15,100
PO_P0010_0001,P0010,2025-05-19 01:26:11.120007,2025-06-02 01:26:11.120007,14,100
PO_P0010_0002,P0010,2025-08-25 01:26:11.120007,2025-09-08 01:26:11.120007,14,100
PO_P0010_0003,P0010,2025-08-07 01:26:11.120007,2025-08-22 01:26:11.120007,15,100
PO_P0010_0004,P0010,2025-08-22 01:26:11.120007,2025-09-03 01:26:11.120007,12,100
PO_P0010_0005,P0010,2025-08-06 01:26:11.120007,2025-08-26 01:26:11.120007,20,100
PO_P0010_0006,P0010,2025-10-23 01:26:11.120007,2025-11-09 01:26:11.120007,17,100
PO_P0010_0007,P0010,2025-08-17 01:26:11.120007,2025-09-01 01:26:11.120007,15,100
PO_P0010_0008,P0010,2025-03-08 01:26:11.120007,2025-03-19 01:26:11.120007,11,100
PO_P0010_0009,P0010,2026-01-20 01:26:11.120007,2026-01-31 01:26:11.120007,11,100
PO_P0010_0010,P0010,2025-10-29 01:26:11.120007,2025-11-10 01:26:11.120007,12,100
PO_P0010_0011,P0010,2025-06-04 01:26:11.120007,2025-06-17 01:26:11.120007,13,100
PO_P0010_0012,P0010,2025-12-28 01:26:11.120007,2026-01-14 01:26:11.120007,17,100
PO_P0010_0013,P0010,2025-10-31 01:26:11.120007,2025-11-10 01:26:11.120007,10,100
PO_P0010_0014,P0010,2025-11-03 01:26:11.120007,2025-11-13 01:26:11.120007,10,100
PO_P0010_0015,P0010,2025-07-20 01:26:11.120007,2025-07-31 01:26:11.120007,11,100
PO_P0010_0016,P0010,2025-03-24 01:26:11.120007,2025-04-09 01:26:11.120007,16,100
PO_P0010_0017,P0010,2025-06-29 01:26:11.120007,2025-07-17 01:26:11.120007,18,100
PO_P0010_0018,P0010,2025-04-30 01:26:11.120007,2025-05-14 01:26:11.120007,14,100
PO_P0010_0019,P0010,2025-02-09 01:26:11.120007,2025-02-24 01:26:11.120007,15,100
PO_P0011_0000,P0011,2025-07-24 01:26:11.120007,2025-08-11 01:26:11.120007,18,100
PO_P0011_0001,P0011,2025-12-27 01:26:11.120007,2026-01-11 01:26:11.120007,15,100
PO_P0011_0002,P0011,2025-10-28 01:26:11.120007,2025-11-12 01:26:11.120007,15,100
PO_P0011_0003,P0011,2025-12-26 01:26:11.120007,2026-01-08 01:26:11.120007,13,100
PO_P0011_0004,P0011,2025-05-09 01:26:11.120007,2025-05-27 01:26:11.120007,18,100
PO_P0011_0005,P0011,2025-06-29 01:26:11.120007,2025-07-11 01:26:11.120007,12,100
PO_P0011_0006,P0011,2025-02-11 01:26:11.120007,2025-02-28 01:26:11.120007,17,100
PO_P0011_0007,P0011,2025-02-24 01:26:11.120007,2025-03-10 01:26:11.120007,14,100
PO_P0011_0008,P0011,2025-07-29 01:26:11.120007,2025-08-13 01:26:11.120007,15,100
PO_P0011_0009,P0011,2025-06-23 01:26:11.120007,2025-07-06 01:26:11.120007,13,100
PO_P0011_0010,P0011,2025-12-11 01:26:11.120007,2025-12-30 01:26:11.120007,19,100
PO_P0011_0011,P0011,2025-11-24 01:26:11.120007,2025-12-11 01:26:11.120007,17,100
PO_P0011_0012,P0011,2025-10-25 01:26:11.120007,2025-11-11 01:26:11.120007,17,100
PO_P0011_0013,P0011,2025-12-10 01:26:11.120007,2025-12-30 01:26:11.120007,20,100
PO_P0011_0014,P0011,2025-09-03 01:26:11.120007,2025-09-15 01:26:11.120007,12,100
PO_P0011_0015,P0011,2025-08-04 01:26:11.120007,2025-08-18 01:26:11.120007,14,100
PO_P0011_0016,P0011,2025-12-21 01:26:11.120007,2026-01-09 01:26:11.120007,19,100
PO_P0011_0017,P0011,2025-06-07 01:26:11.120007,2025-06-22 01:26:11.120007,15,100
PO_P0011_0018,P0011,2025-11-17 01:26:11.120007,2025-12-03 01:26:11.120007,16,100
PO_P0011_0019,P0011,2025-05-24 01:26:11.120007,2025-06-08 01:26:11.120007,15,100
PO_P0012_0000,P0012,2025-06-16 01:26:11.120007,2025-06-30 01:26:11.120007,14,100
PO_P0012_0001,P0012,2025-08-15 01:26:11.120007,2025-08-27 01:26:11.120007,12,100
PO_P0012_0002,P0012,2025-04-24 01:26:11.120007,2025-05-06 01:26:11.120007,12,100
PO_P0012_0003,P0012,2025-08-20 01:26:11.120007,2025-09-03 01:26:11.120007,14,100
PO_P0012_0004,P0012,2025-02-27 01:26:11.120007,2025-03-16 01:26:11.120007,17,100
PO_P0012_0005,P0012,2025-02-24 01:26:11.120007,2025-03-10 01:26:11.120007,14,100
PO_P0012_0006,P0012,2025-09-09 01:26:11.120007,2025-09-21 01:26:11.120007,12,100
PO_P0012_0007,P0012,2025-05-02 01:26:11.120007,2025-05-20 01:26:11.120007,18,100
PO_P0012_0008,P0012,2025-02-02 01:26:11.120007,2025-02-09 01:26:11.120007,7,100
PO_P0012_0009,P0012,2025-02-20 01:26:11.120007,2025-03-10 01:26:11.120007,18,100
PO_P0012_0010,P0012,2026-01-13 01:26:11.120007,2026-01-26 01:26:11.120007,13,100
PO_P0012_0011,P0012,2025-09-13 01:26:11.120007,2025-09-23 01:26:11.120007,10,100
PO_P0012_0012,P0012,2025-06-04 01:26:11.120007,2025-06-15 01:26:11.120007,11,100
PO_P0012_0013,P0012,2025-03-21 01:26:11.120007,2025-04-03 01:26:11.120007,13,100
PO_P0012_0014,P0012,2025-02-05 01:26:11.120007,2025-02-21 01:26:11.120007,16,100
PO_P0012_0015,P0012,2025-02-18 01:26:11.120007,2025-03-07 01:26:11.120007,17,100
PO_P0012_0016,P0012,2025-07-26 01:26:11.120007,2025-08-07 01:26:11.120007,12,100
PO_P0012_0017,P0012,2025-03-26 01:26:11.120007,2025-04-01 01:26:11.120007,6,100
PO_P0012_0018,P0012,2025-10-07 01:26:11.120007,2025-10-21 01:26:11.120007,14,100
PO_P0012_0019,P0012,2025-07-13 01:26:11.120007,2025-07-29 01:26:11.120007,16,100
PO_P0013_0000,P0013,2025-05-25 01:26:11.120007,2025-06-08 01:26:11.120007,14,100
PO_P0013_0001,P0013,2026-01-12 01:26:11.120007,2026-01-23 01:26:11.120007,11,100
PO_P0013_0002,P0013,2025-12-16 01:26:11.120007,2026-01-03 01:26:11.120007,18,100
PO_P0013_0003,P0013,2026-01-31 01:26:11.120007,2026-02-16 01:26:11.120007,16,100
PO_P0013_0004,P0013,2025-12-09 01:26:11.120007,2025-12-25 01:26:11.120007,16,100
PO_P0013_0005,P0013,2026-01-20 01:26:11.120007,2026-02-03 01:26:11.120007,14,100
PO_P0013_0006,P0013,2025-03-08 01:26:11.120007,2025-03-28 01:26:11.120007,20,100
PO_P0013_0007,P0013,2026-01-24 01:26:11.120007,2026-02-04 01:26:11.120007,11,100
PO_P0013_0008,P0013,2025-10-02 01:26:11.120007,2025-10-15 01:26:11.120007,13,100
PO_P0013_0009,P0013,2025-07-30 01:26:11.120007,2025-08-08 01:26:11.120007,9,100
PO_P0013_0010,P0013,2025-03-22 01:26:11.120007,2025-04-02 01:26:11.120007,11,100
PO_P0013_0011,P0013,2025-12-22 01:26:11.120007,2026-01-05 01:26:11.120007,14,100
PO_P0013_0012,P0013,2025-06-18 01:26:11.120007,2025-06-26 01:26:11.120007,8,100
PO_P0013_0013,P0013,2025-07-04 01:26:11.120007,2025-07-19 01:26:11.120007,15,100
PO_P0013_0014,P0013,2025-06-26 01:26:11.120007,2025-07-08 01:26:11.120007,12,100
PO_P0013_0015,P0013,2025-12-28 01:26:11.120007,2026-01-09 01:26:11.120007,12,100
PO_P0013_0016,P0013,2025-05-24 01:26:11.120007,2025-06-06 01:26:11.120007,13,100
PO_P0013_0017,P0013,2025-07-19 01:26:11.120007,2025-08-03 01:26:11.120007,15,100
PO_P0013_0018,P0013,2025-04-04 01:26:11.120007,2025-04-18 01:26:11.120007,14,100
PO_P0013_0019,P0013,2026-01-27 01:26:11.120007,2026-02-13 01:26:11.120007,17,100
PO_P0014_0000,P0014,2025-10-05 01:26:11.120007,2025-10-23 01:26:11.120007,18,100
PO_P0014_0001,P0014,2025-09-08 01:26:11.120007,2025-09-20 01:26:11.120007,12,100
PO_P0014_0002,P0014,2025-06-22 01:26:11.120007,2025-07-04 01:26:11.120007,12,100
PO_P0014_0003,P0014,2025-03-23 01:26:11.120007,2025-04-10 01:26:11.120007,18,100
PO_P0014_0004,P0014,2025-04-24 01:26:11.120007,2025-05-05 01:26:11.120007,11,100
PO_P0014_0005,P0014,2025-10-19 01:26:11.121007,2025-11-02 01:26:11.121007,14,100
PO_P0014_0006,P0014,2025-10-25 01:26:11.121007,2025-11-08 01:26:11.121007,14,100
PO_P0014_0007,P0014,2025-07-19 01:26:11.121007,2025-07-31 01:26:11.121007,12,100
PO_P0014_0008,P0014,2025-02-15 01:26:11.121007,2025-03-01 01:26:11.121007,14,100
PO_P0014_0009,P0014,2026-01-09 01:26:11.121007,2026-01-23 01:26:11.121007,14,100
PO_P0014_0010,P0014,2025-12-10 01:26:11.121007,2025-12-23 01:26:11.121007,13,100
PO_P0014_0011,P0014,2026-01-31 01:26:11.121007,2026-02-09 01:26:11.121007,9,100
PO_P0014_0012,P0014,2025-12-12 01:26:11.121007,2025-12-23 01:26:11.121007,11,100
PO_P0014_0013,P0014,2025-04-19 01:26:11.121007,2025-04-30 01:26:11.121007,11,100
PO_P0014_0014,P0014,2025-12-29 01:26:11.121007,2026-01-09 01:26:11.121007,11,100
PO_P0014_0015,P0014,2025-08-31 01:26:11.121007,2025-09-13 01:26:11.121007,13,100
PO_P0014_0016,P0014,2025-05-27 01:26:11.121007,2025-06-14 01:26:11.121007,18,100
PO_P0014_0017,P0014,2025-04-01 01:26:11.121007,2025-04-15 01:26:11.121007,14,100
PO_P0014_0018,P0014,2025-05-09 01:26:11.121007,2025-05-21 01:26:11.121007,12,100
PO_P0014_0019,P0014,2025-07-09 01:26:11.121007,2025-07-30 01:26:11.121007,21,100
PO_P0015_0000,P0015,2025-06-17 01:26:11.121007,2025-07-05 01:26:11.121007,18,100
PO_P0015_0001,P0015,2025-10-21 01:26:11.121007,2025-11-06 01:26:11.121007,16,100
PO_P0015_0002,P0015,2025-07-24 01:26:11.121007,2025-08-01 01:26:11.121007,8,100
PO_P0015_0003,P0015,2025-02-19 01:26:11.121007,2025-03-09 01:26:11.121007,18,100
PO_P0015_0004,P0015,2025-03-30 01:26:11.121007,2025-04-06 01:26:11.121007,7,100
PO_P0015_0005,P0015,2025-03-03 01:26:11.121007,2025-03-22 01:26:11.121007,19,100
PO_P0015_0006,P0015,2026-01-02 01:26:11.121007,2026-01-18 01:26:11.121007,16,100
PO_P0015_0007,P0015,2025-09-21 01:26:11.121007,2025-10-05 01:26:11.121007,14,100
PO_P0015_0008,P0015,2025-04-22 01:26:11.121007,2025-04-30 01:26:11.121007,8,100
PO_P0015_0009,P0015,2025-11-24 01:26:11.121007,2025-12-07 01:26:11.121007,13,100
PO_P0015_0010,P0015,2025-12-29 01:26:11.121007,2026-01-07 01:26:11.121007,9,100
PO_P0015_0011,P0015,2025-09-28 01:26:11.121007,2025-10-15 01:26:11.121007,17,100
PO_P0015_0012,P0015,2025-06-11 01:26:11.121007,2025-06-19 01:26:11.121007,8,100
PO_P0015_0013,P0015,2025-10-13 01:26:11.121007,2025-10-29 01:26:11.121007,16,100
PO_P0015_0014,P0015,2025-05-28 01:26:11.121007,2025-06-18 01:26:11.121007,21,100
PO_P0015_0015,P0015,2026-01-24 01:26:11.121007,2026-02-03 01:26:11.121007,10,100
PO_P0015_0016,P0015,2025-02-06 01:26:11.121007,2025-02-17 01:26:11.121007,11,100
PO_P0015_0017,P0015,2025-02-14 01:26:11.121007,2025-03-05 01:26:11.121007,19,100
PO_P0015_0018,P0015,2025-07-21 01:26:11.121007,2025-08-05 01:26:11.121007,15,100
PO_P0015_0019,P0015,2025-12-02 01:26:11.121007,2025-12-16 01:26:11.121007,14,100
PO_P0016_0000,P0016,2025-10-02 01:26:11.121007,2025-10-17 01:26:11.121007,15,100
PO_P0016_0001,P0016,2025-11-01 01:26:11.121007,2025-11-13 01:26:11.121007,12,100
PO_P0016_0002,P0016,2025-08-15 01:26:11.121007,2025-08-28 01:26:11.121007,13,100
PO_P0016_0003,P0016,2025-02-20 01:26:11.121007,2025-03-02 01:26:11.121007,10,100
PO_P0016_0004,P0016,2025-12-17 01:26:11.121007,2025-12-31 01:26:11.121007,14,100
PO_P0016_0005,P0016,2025-04-06 01:26:11.121007,2025-04-13 01:26:11.121007,7,100
PO_P0016_0006,P0016,2025-11-20 01:26:11.121007,2025-12-03 01:26:11.121007,13,100
PO_P0016_0007,P0016,2025-07-02 01:26:11.121007,2025-07-13 01:26:11.121007,11,100
PO_P0016_0008,P0016,2025-06-07 01:26:11.121007,2025-06-17 01:26:11.121007,10,100
PO_P0016_0009,P0016,2025-12-15 01:26:11.121007,2025-12-29 01:26:11.121007,14,100
PO_P0016_0010,P0016,2025-12-02 01:26:11.121007,2025-12-16 01:26:11.121007,14,100
PO_P0016_0011,P0016,2025-08-05 01:26:11.121007,2025-08-16 01:26:11.121007,11,100
PO_P0016_0012,P0016,2025-07-09 01:26:11.121007,2025-07-25 01:26:11.121007,16,100
PO_P0016_0013,P0016,2026-01-18 01:26:11.121007,2026-02-01 01:26:11.121007,14,100
PO_P0016_0014,P0016,2026-01-04 01:26:11.121007,2026-01-16 01:26:11.121007,12,100
PO_P0016_0015,P0016,2025-02-01 01:26:11.121007,2025-02-08 01:26:11.121007,7,100
PO_P0016_0016,P0016,2025-08-31 01:26:11.121007,2025-09-15 01:26:11.121007,15,100
PO_P0016_0017,P0016,2025-06-08 01:26:11.121007,2025-06-22 01:26:11.121007,14,100
PO_P0016_0018,P0016,2025-02-03 01:26:11.121007,2025-02-14 01:26:11.121007,11,100
PO_P0016_0019,P0016,2025-04-13 01:26:11.121007,2025-04-27 01:26:11.121007,14,100
PO_P0017_0000,P0017,2025-06-19 01:26:11.121007,2025-06-30 01:26:11.121007,11,100
PO_P0017_0001,P0017,2025-10-05 01:26:11.121007,2025-10-18 01:26:11.121007,13,100
PO_P0017_0002,P0017,2026-01-04 01:26:11.121007,2026-01-16 01:26:11.121007,12,100
PO_P0017_0003,P0017,2025-04-07 01:26:11.121007,2025-04-17 01:26:11.121007,10,100
PO_P0017_0004,P0017,2026-01-07 01:26:11.121007,2026-01-21 01:26:11.121007,14,100
PO_P0017_0005,P0017,2025-11-25 01:26:11.121007,2025-12-11 01:26:11.121007,16,100
PO_P0017_0006,P0017,2025-11-26 01:26:11.121007,2025-12-09 01:26:11.121007,13,100
PO_P0017_0007,P0017,2025-06-18 01:26:11.121007,2025-07-08 01:26:11.121007,20,100
PO_P0017_0008,P0017,2025-10-13 01:26:11.121007,2025-10-28 01:26:11.121007,15,100
PO_P0017_0009,P0017,2025-06-10 01:26:11.121007,2025-06-28 01:26:11.121007,18,100
PO_P0017_0010,P0017,2025-11-10 01:26:11.121007,2025-11-19 01:26:11.121007,9,100
PO_P0017_0011,P0017,2025-08-05 01:26:11.121007,2025-08-15 01:26:11.121007,10,100
PO_P0017_0012,P0017,2025-04-25 01:26:11.121007,2025-05-04 01:26:11.121007,9,100
PO_P0017_0013,P0017,2025-03-23 01:26:11.121007,2025-04-07 01:26:11.121007,15,100
PO_P0017_0014,P0017,2025-02-01 01:26:11.121007,2025-02-16 01:26:11.121007,15,100
PO_P0017_0015,P0017,2025-09-04 01:26:11.121007,2025-09-17 01:26:11.121007,13,100
PO_P0017_0016,P0017,2025-04-30 01:26:11.121007,2025-05-12 01:26:11.121007,12,100
PO_P0017_0017,P0017,2026-01-28 01:26:11.121007,2026-02-09 01:26:11.121007,12,100
PO_P0017_0018,P0017,2025-02-16 01:26:11.121007,2025-02-28 01:26:11.121007,12,100
PO_P0017_0019,P0017,2025-10-29 01:26:11.121007,2025-11-09 01:26:11.121007,11,100
PO_P0018_0000,P0018,2025-09-02 01:26:11.121007,2025-09-08 01:26:11.121007,6,100
PO_P0018_0001,P0018,2025-12-27 01:26:11.121007,2026-01-12 01:26:11.121007,16,100
PO_P0018_0002,P0018,2025-06-23 01:26:11.121007,2025-07-07 01:26:11.121007,14,100
PO_P0018_0003,P0018,2025-11-18 01:26:11.121007,2025-12-04 01:26:11.121007,16,100
PO_P0018_0004,P0018,2026-01-28 01:26:11.121007,2026-02-16 01:26:11.121007,19,100
PO_P0018_0005,P0018,2025-12-01 01:26:11.121007,2025-12-14 01:26:11.121007,13,100
PO_P0018_0006,P0018,2025-07-22 01:26:11.121007,2025-08-11 01:26:11.121007,20,100
PO_P0018_0007,P0018,2025-08-12 01:26:11.121007,2025-08-30 01:26:11.121007,18,100
PO_P0018_0008,P0018,2025-04-07 01:26:11.121007,2025-04-18 01:26:11.121007,11,100
PO_P0018_0009,P0018,2026-01-12 01:26:11.121007,2026-01-27 01:26:11.121007,15,100
PO_P0018_0010,P0018,2025-10-11 01:26:11.121007,2025-10-30 01:26:11.121007,19,100
PO_P0018_0011,P0018,2025-09-12 01:26:11.121007,2025-09-26 01:26:11.121007,14,100
PO_P0018_0012,P0018,2025-03-18 01:26:11.121007,2025-04-01 01:26:11.121007,14,100
PO_P0018_0013,P0018,2025-02-10 01:26:11.121007,2025-02-21 01:26:11.121007,11,100
PO_P0018_0014,P0018,2025-03-05 01:26:11.121007,2025-03-17 01:26:11.121007,12,100
PO_P0018_0015,P0018,2025-08-07 01:26:11.121007,2025-08-21 01:26:11.121007,14,100
PO_P0018_0016,P0018,2026-01-22 01:26:11.121007,2026-02-10 01:26:11.121007,19,100
PO_P0018_0017,P0018,2026-01-19 01:26:11.121007,2026-02-07 01:26:11.121007,19,100
PO_P0018_0018,P0018,2025-08-17 01:26:11.121007,2025-08-29 01:26:11.121007,12,100
PO_P0018_0019,P0018,2025-10-23 01:26:11.121007,2025-11-08 01:26:11.121007,16,100
PO_P0019_0000,P0019,2025-03-09 01:26:11.121007,2025-03-24 01:26:11.121007,15,100
PO_P0019_0001,P0019,2025-12-25 01:26:11.121007,2026-01-12 01:26:11.121007,18,100
PO_P0019_0002,P0019,2025-10-30 01:26:11.121007,2025-11-11 01:26:11.121007,12,100
PO_P0019_0003,P0019,2025-09-17 01:26:11.122009,2025-10-05 01:26:11.122009,18,100
PO_P0019_0004,P0019,2025-11-17 01:26:11.122009,2025-12-03 01:26:11.122009,16,100
PO_P0019_0005,P0019,2025-03-18 01:26:11.122009,2025-03-31 01:26:11.122009,13,100
PO_P0019_0006,P0019,2025-12-03 01:26:11.122009,2025-12-16 01:26:11.122009,13,100
PO_P0019_0007,P0019,2025-02-05 01:26:11.122009,2025-02-19 01:26:11.122009,14,100
PO_P0019_0008,P0019,2025-06-17 01:26:11.122009,2025-06-29 01:26:11.122009,12,100
PO_P0019_0009,P0019,2025-07-03 01:26:11.122009,2025-07-15 01:26:11.122009,12,100
PO_P0019_0010,P0019,2025-08-20 01:26:11.122009,2025-09-04 01:26:11.122009,15,100
PO_P0019_0011,P0019,2025-12-01 01:26:11.122009,2025-12-18 01:26:11.122009,17,100
PO_P0019_0012,P0019,2025-09-22 01:26:11.122009,2025-10-08 01:26:11.122009,16,100
PO_P0019_0013,P0019,2025-04-11 01:26:11.122009,2025-04-19 01:26:11.122009,8,100
PO_P0019_0014,P0019,2025-03-10 01:26:11.122009,2025-03-17 01:26:11.122009,7,100
PO_P0019_0015,P0019,2025-08-06 01:26:11.122009,2025-08-16 01:26:11.122009,10,100
PO_P0019_0016,P0019,2025-09-29 01:26:11.122009,2025-10-16 01:26:11.122009,17,100
PO_P0019_0017,P0019,2025-09-11 01:26:11.122009,2025-09-22 01:26:11.122009,11,100
PO_P0019_0018,P0019,2025-09-01 01:26:11.122009,2025-09-11 01:26:11.122009,10,100
PO_P0019_0019,P0019,2025-03-29 01:26:11.122009,2025-04-07 01:26:11.122009,9,100
PO_P0020_0000,P0020,2025-10-20 01:26:11.122009,2025-11-03 01:26:11.122009,14,100
PO_P0020_0001,P0020,2025-07-18 01:26:11.122009,2025-07-27 01:26:11.122009,9,100
PO_P0020_0002,P0020,2025-09-20 01:26:11.122009,2025-10-07 01:26:11.122009,17,100
PO_P0020_0003,P0020,2025-12-21 01:26:11.122009,2026-01-01 01:26:11.122009,11,100
PO_P0020_0004,P0020,2026-01-17 01:26:11.122009,2026-01-30 01:26:11.122009,13,100
PO_P0020_0005,P0020,2025-06-15 01:26:11.122009,2025-07-02 01:26:11.122009,17,100
PO_P0020_0006,P0020,2025-08-28 01:26:11.122009,2025-09-09 01:26:11.122009,12,100
PO_P0020_0007,P0020,2025-04-18 01:26:11.122009,2025-04-29 01:26:11.122009,11,100
PO_P0020_0008,P0020,2025-05-23 01:26:11.122009,2025-06-07 01:26:11.122009,15,100
PO_P0020_0009,P0020,2026-01-27 01:26:11.122009,2026-02-07 01:26:11.122009,11,100
PO_P0020_0010,P0020,2025-10-01 01:26:11.122009,2025-10-13 01:26:11.122009,12,100
PO_P0020_0011,P0020,2025-08-26 01:26:11.122009,2025-09-09 01:26:11.122009,14,100
PO_P0020_0012,P0020,2025-04-04 01:26:11.122009,2025-04-21 01:26:11.122009,17,100
PO_P0020_0013,P0020,2025-05-16 01:26:11.122009,2025-05-28 01:26:11.122009,12,100
PO_P0020_0014,P0020,2025-08-28 01:26:11.122009,2025-09-13 01:26:11.122009,16,100
PO_P0020_0015,P0020,2025-09-24 01:26:11.122009,2025-10-05 01:26:11.122009,11,100
PO_P0020_0016,P0020,2025-10-29 01:26:11.122009,2025-11-15 01:26:11.122009,17,100
PO_P0020_0017,P0020,2025-04-25 01:26:11.122009,2025-05-14 01:26:11.122009,19,100
PO_P0020_0018,P0020,2025-04-08 01:26:11.122009,2025-04-25 01:26:11.122009,17,100
PO_P0020_0019,P0020,2025-05-23 01:26:11.122009,2025-06-07 01:26:11.122009,15,100
